Path,URL,Size in bytes (optional but recommended),MD5 Hash (optional but recommended),Filter Terms (optional),Overwrite (optional),Comments (optional)
docs/GameGear/Game Gear Manuals/5 in 1 FunPak.pdf,https://archive.org/download/mister-manuals/1991_Sega%20Game%20Gear.zip/1991_Sega%20Game%20Gear%2F5%20in%201%20FunPak.pdf,3014435,9042b411037dec32a12b1634395ed12e,,,5 in 1 FunPak.pdf
"docs/GameGear/Game Gear Manuals/Addams Family, The.pdf",https://archive.org/download/mister-manuals/1991_Sega%20Game%20Gear.zip/1991_Sega%20Game%20Gear%2FAddams%20Family%2C%20The.pdf,2432817,47e1b9dfa793d45e787ef8600e5f9b75,,,"Addams Family, The.pdf"
"docs/GameGear/Game Gear Manuals/Adventures of Batman & Robin, The.pdf",https://archive.org/download/mister-manuals/1991_Sega%20Game%20Gear.zip/1991_Sega%20Game%20Gear%2FAdventures%20of%20Batman%20%26%20Robin%2C%20The.pdf,3196517,351632bc759b2f7f75da4bfbc759489a,,,"Adventures of Batman & Robin, The.pdf"
docs/GameGear/Game Gear Manuals/Aerial Assault.pdf,https://archive.org/download/mister-manuals/1991_Sega%20Game%20Gear.zip/1991_Sega%20Game%20Gear%2FAerial%20Assault.pdf,4843353,d6c3cd0be1b813524207d2849de8f0e0,,,Aerial Assault.pdf
docs/GameGear/Game Gear Manuals/Aladdin.pdf,https://archive.org/download/mister-manuals/1991_Sega%20Game%20Gear.zip/1991_Sega%20Game%20Gear%2FAladdin.pdf,2107278,fa44eb091c54c5c15129fe54d861922e,,,Aladdin.pdf
docs/GameGear/Game Gear Manuals/Alien 3.pdf,https://archive.org/download/mister-manuals/1991_Sega%20Game%20Gear.zip/1991_Sega%20Game%20Gear%2FAlien%203.pdf,4718821,9f00977e3f3d986289ed75dc995917c7,,,Alien 3.pdf
docs/GameGear/Game Gear Manuals/Alien Syndrome.pdf,https://archive.org/download/mister-manuals/1991_Sega%20Game%20Gear.zip/1991_Sega%20Game%20Gear%2FAlien%20Syndrome.pdf,3093555,aaa55b0605973cb15a88ee418d4a0486,,,Alien Syndrome.pdf
docs/GameGear/Game Gear Manuals/Andre Agassi Tennis.pdf,https://archive.org/download/mister-manuals/1991_Sega%20Game%20Gear.zip/1991_Sega%20Game%20Gear%2FAndre%20Agassi%20Tennis.pdf,2785651,33b995465c46edea398e02bad3948936,,,Andre Agassi Tennis.pdf
docs/GameGear/Game Gear Manuals/Arcade Classics.pdf,https://archive.org/download/mister-manuals/1991_Sega%20Game%20Gear.zip/1991_Sega%20Game%20Gear%2FArcade%20Classics.pdf,4187385,c1ef6c4f45b53038c63cd46c33cf4938,,,Arcade Classics.pdf
docs/GameGear/Game Gear Manuals/Arch Rivals.pdf,https://archive.org/download/mister-manuals/1991_Sega%20Game%20Gear.zip/1991_Sega%20Game%20Gear%2FArch%20Rivals.pdf,2389139,4beba4895c3e7ec361e59635ed8473aa,,,Arch Rivals.pdf
docs/GameGear/Game Gear Manuals/Arena - Maze of Death.pdf,https://archive.org/download/mister-manuals/1991_Sega%20Game%20Gear.zip/1991_Sega%20Game%20Gear%2FArena%20-%20Maze%20of%20Death.pdf,3647085,4c5c5d80f727ff8d876b9267999b3817,,,Arena - Maze of Death.pdf
docs/GameGear/Game Gear Manuals/Ariel the Little Mermaid.pdf,https://archive.org/download/mister-manuals/1991_Sega%20Game%20Gear.zip/1991_Sega%20Game%20Gear%2FAriel%20the%20Little%20Mermaid.pdf,1440568,8ee28e9eac0432d5d9206515e5320a4c,,,Ariel the Little Mermaid.pdf
docs/GameGear/Game Gear Manuals/Asterix and the Great Rescue.pdf,https://archive.org/download/mister-manuals/1991_Sega%20Game%20Gear.zip/1991_Sega%20Game%20Gear%2FAsterix%20and%20the%20Great%20Rescue.pdf,2129824,5c620f8a76d923943fb7e6f44356ae27,,,Asterix and the Great Rescue.pdf
docs/GameGear/Game Gear Manuals/Ax Battler - A Legend of Golden Axe.pdf,https://archive.org/download/mister-manuals/1991_Sega%20Game%20Gear.zip/1991_Sega%20Game%20Gear%2FAx%20Battler%20-%20A%20Legend%20of%20Golden%20Axe.pdf,2852956,503e43fd62cd9db4bf5d047247229abb,,,Ax Battler - A Legend of Golden Axe.pdf
docs/GameGear/Game Gear Manuals/Ayrton Senna_s Super Monaco GP II.pdf,https://archive.org/download/mister-manuals/1991_Sega%20Game%20Gear.zip/1991_Sega%20Game%20Gear%2FAyrton%20Senna_s%20Super%20Monaco%20GP%20II.pdf,5090889,4f0bb36a7b124759013cca47d27a4022,,,Ayrton Senna_s Super Monaco GP II.pdf
docs/GameGear/Game Gear Manuals/Baku Baku Animal.pdf,https://archive.org/download/mister-manuals/1991_Sega%20Game%20Gear.zip/1991_Sega%20Game%20Gear%2FBaku%20Baku%20Animal.pdf,2779018,76f8d5f974fa1248696796bd1e3fbfc9,,,Baku Baku Animal.pdf
docs/GameGear/Game Gear Manuals/Batman Forever.pdf,https://archive.org/download/mister-manuals/1991_Sega%20Game%20Gear.zip/1991_Sega%20Game%20Gear%2FBatman%20Forever.pdf,2286524,109914efd311bf3755a5483ab5055117,,,Batman Forever.pdf
docs/GameGear/Game Gear Manuals/Batman Returns.pdf,https://archive.org/download/mister-manuals/1991_Sega%20Game%20Gear.zip/1991_Sega%20Game%20Gear%2FBatman%20Returns.pdf,4151225,af406a0caf3280dcdbc7ee7699a778f0,,,Batman Returns.pdf
docs/GameGear/Game Gear Manuals/Battleship.pdf,https://archive.org/download/mister-manuals/1991_Sega%20Game%20Gear.zip/1991_Sega%20Game%20Gear%2FBattleship.pdf,2254485,4219cc99c4eb0490e2e6ae0466271e98,,,Battleship.pdf
docs/GameGear/Game Gear Manuals/Beavis and Butt-Head.pdf,https://archive.org/download/mister-manuals/1991_Sega%20Game%20Gear.zip/1991_Sega%20Game%20Gear%2FBeavis%20and%20Butt-Head.pdf,2998305,252b290a47eff19d0efbddd404c0d4f8,,,Beavis and Butt-Head.pdf
"docs/GameGear/Game Gear Manuals/Berenstain Bears_ Camping Adventure, The.pdf",https://archive.org/download/mister-manuals/1991_Sega%20Game%20Gear.zip/1991_Sega%20Game%20Gear%2FBerenstain%20Bears_%20Camping%20Adventure%2C%20The.pdf,3245679,eac3f8249a67ce67aac602773fed4273,,,"Berenstain Bears_ Camping Adventure, The.pdf"
docs/GameGear/Game Gear Manuals/Bram Stoker_s Dracula.pdf,https://archive.org/download/mister-manuals/1991_Sega%20Game%20Gear.zip/1991_Sega%20Game%20Gear%2FBram%20Stoker_s%20Dracula.pdf,3672953,d2dbde71dcfce6f65f23103a63e638a7,,,Bram Stoker_s Dracula.pdf
docs/GameGear/Game Gear Manuals/Bubble Bobble.pdf,https://archive.org/download/mister-manuals/1991_Sega%20Game%20Gear.zip/1991_Sega%20Game%20Gear%2FBubble%20Bobble.pdf,4497358,929f96de4fe8ce4f7aed4c7b5ffaacf5,,,Bubble Bobble.pdf
docs/GameGear/Game Gear Manuals/Bugs Bunny in Double Trouble.pdf,https://archive.org/download/mister-manuals/1991_Sega%20Game%20Gear.zip/1991_Sega%20Game%20Gear%2FBugs%20Bunny%20in%20Double%20Trouble.pdf,5024129,6168f8153b33caf83cfa4204b4a966bb,,,Bugs Bunny in Double Trouble.pdf
docs/GameGear/Game Gear Manuals/Bust-A-Move.pdf,https://archive.org/download/mister-manuals/1991_Sega%20Game%20Gear.zip/1991_Sega%20Game%20Gear%2FBust-A-Move.pdf,2927355,ddcad9cadb5defb32fd460f6948c1467,,,Bust-A-Move.pdf
docs/GameGear/Game Gear Manuals/Caesars Palace.pdf,https://archive.org/download/mister-manuals/1991_Sega%20Game%20Gear.zip/1991_Sega%20Game%20Gear%2FCaesars%20Palace.pdf,4516209,a2b2c2adfc77f37de9fb566b8ba450de,,,Caesars Palace.pdf
docs/GameGear/Game Gear Manuals/Captain America and the Avengers.pdf,https://archive.org/download/mister-manuals/1991_Sega%20Game%20Gear.zip/1991_Sega%20Game%20Gear%2FCaptain%20America%20and%20the%20Avengers.pdf,3002855,212cb42f5f243ae9ff7996373cb130da,,,Captain America and the Avengers.pdf
docs/GameGear/Game Gear Manuals/Casino FunPak.pdf,https://archive.org/download/mister-manuals/1991_Sega%20Game%20Gear.zip/1991_Sega%20Game%20Gear%2FCasino%20FunPak.pdf,3685591,9e8c9590353e1b96074c918126890ef0,,,Casino FunPak.pdf
docs/GameGear/Game Gear Manuals/Castle of Illusion starring Mickey Mouse.pdf,https://archive.org/download/mister-manuals/1991_Sega%20Game%20Gear.zip/1991_Sega%20Game%20Gear%2FCastle%20of%20Illusion%20starring%20Mickey%20Mouse.pdf,4409673,d1d4c77d3b7a2abddc7aa9e42f2ab15f,,,Castle of Illusion starring Mickey Mouse.pdf
docs/GameGear/Game Gear Manuals/Chakan - The Forever Man.pdf,https://archive.org/download/mister-manuals/1991_Sega%20Game%20Gear.zip/1991_Sega%20Game%20Gear%2FChakan%20-%20The%20Forever%20Man.pdf,3497725,c3931e988a973fb3ff78d774e3034149,,,Chakan - The Forever Man.pdf
docs/GameGear/Game Gear Manuals/Cheese Cat-Astrophe Starring Speedy Gonzales.pdf,https://archive.org/download/mister-manuals/1991_Sega%20Game%20Gear.zip/1991_Sega%20Game%20Gear%2FCheese%20Cat-Astrophe%20Starring%20Speedy%20Gonzales.pdf,4379638,b7ada964326384b408980d32de5856c4,,,Cheese Cat-Astrophe Starring Speedy Gonzales.pdf
"docs/GameGear/Game Gear Manuals/Chessmaster, The.pdf",https://archive.org/download/mister-manuals/1991_Sega%20Game%20Gear.zip/1991_Sega%20Game%20Gear%2FChessmaster%2C%20The.pdf,1599520,34c0fb5937e51f58c8ecc1bf3406f78d,,,"Chessmaster, The.pdf"
docs/GameGear/Game Gear Manuals/Chicago Syndicate.pdf,https://archive.org/download/mister-manuals/1991_Sega%20Game%20Gear.zip/1991_Sega%20Game%20Gear%2FChicago%20Syndicate.pdf,2985574,ebc4c9ea3cd5f2c8423dcc0d556d5254,,,Chicago Syndicate.pdf
docs/GameGear/Game Gear Manuals/Chuck Rock.pdf,https://archive.org/download/mister-manuals/1991_Sega%20Game%20Gear.zip/1991_Sega%20Game%20Gear%2FChuck%20Rock.pdf,4298802,4a7ff8644c9fab3ca465de64f52df683,,,Chuck Rock.pdf
docs/GameGear/Game Gear Manuals/Clutch Hitter.pdf,https://archive.org/download/mister-manuals/1991_Sega%20Game%20Gear.zip/1991_Sega%20Game%20Gear%2FClutch%20Hitter.pdf,3870155,121f538eb88cf2562df6029d646f2cc2,,,Clutch Hitter.pdf
docs/GameGear/Game Gear Manuals/Columns.pdf,https://archive.org/download/mister-manuals/1991_Sega%20Game%20Gear.zip/1991_Sega%20Game%20Gear%2FColumns.pdf,4647934,4c83feca174f92626fdeb1c567588cfb,,,Columns.pdf
docs/GameGear/Game Gear Manuals/Cool Spot.pdf,https://archive.org/download/mister-manuals/1991_Sega%20Game%20Gear.zip/1991_Sega%20Game%20Gear%2FCool%20Spot.pdf,3001007,74a021bc5962d3ea64cda8822c38d586,,,Cool Spot.pdf
docs/GameGear/Game Gear Manuals/Crystal Warriors.pdf,https://archive.org/download/mister-manuals/1991_Sega%20Game%20Gear.zip/1991_Sega%20Game%20Gear%2FCrystal%20Warriors.pdf,3818432,d4267f87ce6bf0fe29825f7e2f7ba5e9,,,Crystal Warriors.pdf
docs/GameGear/Game Gear Manuals/Cutthroat Island.pdf,https://archive.org/download/mister-manuals/1991_Sega%20Game%20Gear.zip/1991_Sega%20Game%20Gear%2FCutthroat%20Island.pdf,1410133,3a01b964dff0954ced559b9b031a9f67,,,Cutthroat Island.pdf
docs/GameGear/Game Gear Manuals/Deep Duck Trouble starring Donald Duck.pdf,https://archive.org/download/mister-manuals/1991_Sega%20Game%20Gear.zip/1991_Sega%20Game%20Gear%2FDeep%20Duck%20Trouble%20starring%20Donald%20Duck.pdf,1015581,7645b9c8eb9d05f3e3976c4ea1ad3cb6,,,Deep Duck Trouble starring Donald Duck.pdf
docs/GameGear/Game Gear Manuals/Defenders of Oasis.pdf,https://archive.org/download/mister-manuals/1991_Sega%20Game%20Gear.zip/1991_Sega%20Game%20Gear%2FDefenders%20of%20Oasis.pdf,3471678,db58c81a66eb207ccd09942c8e845cc4,,,Defenders of Oasis.pdf
docs/GameGear/Game Gear Manuals/Desert Speedtrap starring Road Runner and Wile E. Coyote.pdf,https://archive.org/download/mister-manuals/1991_Sega%20Game%20Gear.zip/1991_Sega%20Game%20Gear%2FDesert%20Speedtrap%20starring%20Road%20Runner%20and%20Wile%20E.%20Coyote.pdf,2863326,e64771a4fb3fa365245c2572d44cfb60,,,Desert Speedtrap starring Road Runner and Wile E. Coyote.pdf
docs/GameGear/Game Gear Manuals/Desert Strike - Return to the Gulf.pdf,https://archive.org/download/mister-manuals/1991_Sega%20Game%20Gear.zip/1991_Sega%20Game%20Gear%2FDesert%20Strike%20-%20Return%20to%20the%20Gulf.pdf,1648714,83979cda9ee2c742a9c9bbcb5d963689,,,Desert Strike - Return to the Gulf.pdf
docs/GameGear/Game Gear Manuals/Devilish.pdf,https://archive.org/download/mister-manuals/1991_Sega%20Game%20Gear.zip/1991_Sega%20Game%20Gear%2FDevilish.pdf,4241858,c794cba002bdb7ae1f05b279f44f3388,,,Devilish.pdf
docs/GameGear/Game Gear Manuals/Double Dragon.pdf,https://archive.org/download/mister-manuals/1991_Sega%20Game%20Gear.zip/1991_Sega%20Game%20Gear%2FDouble%20Dragon.pdf,3044421,52ac2691a8db0049ec1d0ecdeabdf81c,,,Double Dragon.pdf
docs/GameGear/Game Gear Manuals/Dr. Robotnik_s Mean Bean Machine.pdf,https://archive.org/download/mister-manuals/1991_Sega%20Game%20Gear.zip/1991_Sega%20Game%20Gear%2FDr.%20Robotnik_s%20Mean%20Bean%20Machine.pdf,1595711,0e87590ea86a687f64e47defe09e702a,,,Dr. Robotnik_s Mean Bean Machine.pdf
docs/GameGear/Game Gear Manuals/Dragon - The Bruce Lee Story.pdf,https://archive.org/download/mister-manuals/1991_Sega%20Game%20Gear.zip/1991_Sega%20Game%20Gear%2FDragon%20-%20The%20Bruce%20Lee%20Story.pdf,3694688,1f11d2e6c9b1a561759dfb58c608c87b,,,Dragon - The Bruce Lee Story.pdf
docs/GameGear/Game Gear Manuals/Dragon Crystal.pdf,https://archive.org/download/mister-manuals/1991_Sega%20Game%20Gear.zip/1991_Sega%20Game%20Gear%2FDragon%20Crystal.pdf,3773298,1b3cd6dc4c02845c0b35098bda8c4586,,,Dragon Crystal.pdf
docs/GameGear/Game Gear Manuals/Dynamite Headdy.pdf,https://archive.org/download/mister-manuals/1991_Sega%20Game%20Gear.zip/1991_Sega%20Game%20Gear%2FDynamite%20Headdy.pdf,3256323,d4a6e4e5b4b625874eeebcef8791c5fd,,,Dynamite Headdy.pdf
docs/GameGear/Game Gear Manuals/Earthworm Jim.pdf,https://archive.org/download/mister-manuals/1991_Sega%20Game%20Gear.zip/1991_Sega%20Game%20Gear%2FEarthworm%20Jim.pdf,1796360,77238542d935a5f29e40143f41df5789,,,Earthworm Jim.pdf
docs/GameGear/Game Gear Manuals/Ecco - The Tides of Time.pdf,https://archive.org/download/mister-manuals/1991_Sega%20Game%20Gear.zip/1991_Sega%20Game%20Gear%2FEcco%20-%20The%20Tides%20of%20Time.pdf,1480604,d679d267936cbe4e9570cf7dc41e3232,,,Ecco - The Tides of Time.pdf
docs/GameGear/Game Gear Manuals/Ecco the Dolphin.pdf,https://archive.org/download/mister-manuals/1991_Sega%20Game%20Gear.zip/1991_Sega%20Game%20Gear%2FEcco%20the%20Dolphin.pdf,1850581,fc474278ca9e5741b8dc7ffb9ec3839a,,,Ecco the Dolphin.pdf
docs/GameGear/Game Gear Manuals/Evander Holyfield_s _Real Deal_ Boxing.pdf,https://archive.org/download/mister-manuals/1991_Sega%20Game%20Gear.zip/1991_Sega%20Game%20Gear%2FEvander%20Holyfield_s%20_Real%20Deal_%20Boxing.pdf,4549604,06918263866194e96205ef9cf5456f6f,,,Evander Holyfield_s _Real Deal_ Boxing.pdf
docs/GameGear/Game Gear Manuals/F-15 Strike Eagle.pdf,https://archive.org/download/mister-manuals/1991_Sega%20Game%20Gear.zip/1991_Sega%20Game%20Gear%2FF-15%20Strike%20Eagle.pdf,2592130,a70a595827a57ffee1eb1a62d935a622,,,F-15 Strike Eagle.pdf
docs/GameGear/Game Gear Manuals/F1.pdf,https://archive.org/download/mister-manuals/1991_Sega%20Game%20Gear.zip/1991_Sega%20Game%20Gear%2FF1.pdf,2659068,3078b5b69652215fb4e5453946791e5c,,,F1.pdf
docs/GameGear/Game Gear Manuals/Factory Panic.pdf,https://archive.org/download/mister-manuals/1991_Sega%20Game%20Gear.zip/1991_Sega%20Game%20Gear%2FFactory%20Panic.pdf,1546331,76347cf3435f6a3fa6d870566cac682c,,,Factory Panic.pdf
docs/GameGear/Game Gear Manuals/Fantasy Zone Gear.pdf,https://archive.org/download/mister-manuals/1991_Sega%20Game%20Gear.zip/1991_Sega%20Game%20Gear%2FFantasy%20Zone%20Gear.pdf,1240572,0b88be9f07ffc4d7f2d344880145f263,,,Fantasy Zone Gear.pdf
docs/GameGear/Game Gear Manuals/Fred Couples Golf.pdf,https://archive.org/download/mister-manuals/1991_Sega%20Game%20Gear.zip/1991_Sega%20Game%20Gear%2FFred%20Couples%20Golf.pdf,1883457,4c95b36ddf1579790096d7f4f22f95e0,,,Fred Couples Golf.pdf
docs/GameGear/Game Gear Manuals/G-LOC - Air Battle.pdf,https://archive.org/download/mister-manuals/1991_Sega%20Game%20Gear.zip/1991_Sega%20Game%20Gear%2FG-LOC%20-%20Air%20Battle.pdf,4134182,afd7cdec3a49317def1ce6ffe981dca3,,,G-LOC - Air Battle.pdf
docs/GameGear/Game Gear Manuals/GP Rider.pdf,https://archive.org/download/mister-manuals/1991_Sega%20Game%20Gear.zip/1991_Sega%20Game%20Gear%2FGP%20Rider.pdf,3779775,0aa3b372e56824ecb4800fb92d41c8cb,,,GP Rider.pdf
docs/GameGear/Game Gear Manuals/Garfield - Caught in the Act.pdf,https://archive.org/download/mister-manuals/1991_Sega%20Game%20Gear.zip/1991_Sega%20Game%20Gear%2FGarfield%20-%20Caught%20in%20the%20Act.pdf,3772310,5749bb2ebbb00d51c367a5782bc4251e,,,Garfield - Caught in the Act.pdf
docs/GameGear/Game Gear Manuals/Gear Works.pdf,https://archive.org/download/mister-manuals/1991_Sega%20Game%20Gear.zip/1991_Sega%20Game%20Gear%2FGear%20Works.pdf,1755673,faf1f085ba3e38b3e78dd711d2650501,,,Gear Works.pdf
docs/GameGear/Game Gear Manuals/George Foreman_s KO Boxing.pdf,https://archive.org/download/mister-manuals/1991_Sega%20Game%20Gear.zip/1991_Sega%20Game%20Gear%2FGeorge%20Foreman_s%20KO%20Boxing.pdf,1468410,f649bada97655bac8a3a56b59322e76c,,,George Foreman_s KO Boxing.pdf
docs/GameGear/Game Gear Manuals/Halley Wars.pdf,https://archive.org/download/mister-manuals/1991_Sega%20Game%20Gear.zip/1991_Sega%20Game%20Gear%2FHalley%20Wars.pdf,4310684,33039d9d556f528bcb74e43224597527,,,Halley Wars.pdf
docs/GameGear/Game Gear Manuals/Home Alone.pdf,https://archive.org/download/mister-manuals/1991_Sega%20Game%20Gear.zip/1991_Sega%20Game%20Gear%2FHome%20Alone.pdf,3427508,90d48d6b356c9f41af659e88db705820,,,Home Alone.pdf
docs/GameGear/Game Gear Manuals/Hook.pdf,https://archive.org/download/mister-manuals/1991_Sega%20Game%20Gear.zip/1991_Sega%20Game%20Gear%2FHook.pdf,3423456,284116eb2a0884cee5ea3efdc3e73286,,,Hook.pdf
"docs/GameGear/Game Gear Manuals/Incredible Crash Dummies, The.pdf",https://archive.org/download/mister-manuals/1991_Sega%20Game%20Gear.zip/1991_Sega%20Game%20Gear%2FIncredible%20Crash%20Dummies%2C%20The.pdf,3613208,394719bc5333042d4a4a8d2846883ee5,,,"Incredible Crash Dummies, The.pdf"
"docs/GameGear/Game Gear Manuals/Incredible Hulk, The.pdf",https://archive.org/download/mister-manuals/1991_Sega%20Game%20Gear.zip/1991_Sega%20Game%20Gear%2FIncredible%20Hulk%2C%20The.pdf,1742764,57afce77f8c64a3fb6283f517ead5223,,,"Incredible Hulk, The.pdf"
docs/GameGear/Game Gear Manuals/Iron Man & X-O Manowar in Heavy Metal.pdf,https://archive.org/download/mister-manuals/1991_Sega%20Game%20Gear.zip/1991_Sega%20Game%20Gear%2FIron%20Man%20%26%20X-O%20Manowar%20in%20Heavy%20Metal.pdf,1487621,b39088e5f61abc9dfa62015240ac2165,,,Iron Man & X-O Manowar in Heavy Metal.pdf
docs/GameGear/Game Gear Manuals/James Pond II - Codename RoboCod.pdf,https://archive.org/download/mister-manuals/1991_Sega%20Game%20Gear.zip/1991_Sega%20Game%20Gear%2FJames%20Pond%20II%20-%20Codename%20RoboCod.pdf,3729236,49e19f7d71c63158755015edd5fb36e4,,,James Pond II - Codename RoboCod.pdf
docs/GameGear/Game Gear Manuals/Jeopardy!.pdf,https://archive.org/download/mister-manuals/1991_Sega%20Game%20Gear.zip/1991_Sega%20Game%20Gear%2FJeopardy%21.pdf,3951804,c1dfdc5138e38474ee101fb1763aaa32,,,Jeopardy!.pdf
docs/GameGear/Game Gear Manuals/Joe Montana Football.pdf,https://archive.org/download/mister-manuals/1991_Sega%20Game%20Gear.zip/1991_Sega%20Game%20Gear%2FJoe%20Montana%20Football.pdf,1851689,3cd5877b46af83eb5f25bb6af76d7327,,,Joe Montana Football.pdf
docs/GameGear/Game Gear Manuals/Journey from Darkness - Strider Returns.pdf,https://archive.org/download/mister-manuals/1991_Sega%20Game%20Gear.zip/1991_Sega%20Game%20Gear%2FJourney%20from%20Darkness%20-%20Strider%20Returns.pdf,1751970,a042ca6e8280f0ed3c533582603394df,,,Journey from Darkness - Strider Returns.pdf
docs/GameGear/Game Gear Manuals/Judge Dredd.pdf,https://archive.org/download/mister-manuals/1991_Sega%20Game%20Gear.zip/1991_Sega%20Game%20Gear%2FJudge%20Dredd.pdf,2749912,18ce7aaad45639c8c9f3be9181c542d9,,,Judge Dredd.pdf
docs/GameGear/Game Gear Manuals/Junction.pdf,https://archive.org/download/mister-manuals/1991_Sega%20Game%20Gear.zip/1991_Sega%20Game%20Gear%2FJunction.pdf,3717535,dc87aa24b0ac725f934d08261a6423f8,,,Junction.pdf
"docs/GameGear/Game Gear Manuals/Jungle Book, The.pdf",https://archive.org/download/mister-manuals/1991_Sega%20Game%20Gear.zip/1991_Sega%20Game%20Gear%2FJungle%20Book%2C%20The.pdf,1991475,bc2ab58aa4da6688ab25027d8cc6ad8a,,,"Jungle Book, The.pdf"
docs/GameGear/Game Gear Manuals/Jurassic Park.pdf,https://archive.org/download/mister-manuals/1991_Sega%20Game%20Gear.zip/1991_Sega%20Game%20Gear%2FJurassic%20Park.pdf,4293488,0184f67a231838b3b3661476973337b8,,,Jurassic Park.pdf
docs/GameGear/Game Gear Manuals/Klax.pdf,https://archive.org/download/mister-manuals/1991_Sega%20Game%20Gear.zip/1991_Sega%20Game%20Gear%2FKlax.pdf,2166865,b0bf5476bfda8d506336c23df5d956d2,,,Klax.pdf
docs/GameGear/Game Gear Manuals/Krusty_s Fun House.pdf,https://archive.org/download/mister-manuals/1991_Sega%20Game%20Gear.zip/1991_Sega%20Game%20Gear%2FKrusty_s%20Fun%20House.pdf,3880924,0e0af78ea4bb4addb8c25b1032627ed8,,,Krusty_s Fun House.pdf
docs/GameGear/Game Gear Manuals/Land of Illusion starring Mickey Mouse.pdf,https://archive.org/download/mister-manuals/1991_Sega%20Game%20Gear.zip/1991_Sega%20Game%20Gear%2FLand%20of%20Illusion%20starring%20Mickey%20Mouse.pdf,1787490,37b5f76ad39f549ba9ad0561f2347aa6,,,Land of Illusion starring Mickey Mouse.pdf
docs/GameGear/Game Gear Manuals/Last Action Hero.pdf,https://archive.org/download/mister-manuals/1991_Sega%20Game%20Gear.zip/1991_Sega%20Game%20Gear%2FLast%20Action%20Hero.pdf,2546553,0fbfc383b63068e994edf7a6a860d6fd,,,Last Action Hero.pdf
docs/GameGear/Game Gear Manuals/Legend of Illusion starring Mickey Mouse.pdf,https://archive.org/download/mister-manuals/1991_Sega%20Game%20Gear.zip/1991_Sega%20Game%20Gear%2FLegend%20of%20Illusion%20starring%20Mickey%20Mouse.pdf,4055137,f32d702f072b5aec813bcaf5aecdfefd,,,Legend of Illusion starring Mickey Mouse.pdf
docs/GameGear/Game Gear Manuals/Lemmings.pdf,https://archive.org/download/mister-manuals/1991_Sega%20Game%20Gear.zip/1991_Sega%20Game%20Gear%2FLemmings.pdf,4225246,639d3229d02aa6687b9f03f0cf332913,,,Lemmings.pdf
"docs/GameGear/Game Gear Manuals/Lost World, The - Jurassic Park.pdf",https://archive.org/download/mister-manuals/1991_Sega%20Game%20Gear.zip/1991_Sega%20Game%20Gear%2FLost%20World%2C%20The%20-%20Jurassic%20Park.pdf,2106102,d9176817393c996c6f132ba26f840147,,,"Lost World, The - Jurassic Park.pdf"
"docs/GameGear/Game Gear Manuals/Lucky Dime Caper starring Donald Duck, The.pdf",https://archive.org/download/mister-manuals/1991_Sega%20Game%20Gear.zip/1991_Sega%20Game%20Gear%2FLucky%20Dime%20Caper%20starring%20Donald%20Duck%2C%20The.pdf,3557946,21cbec3c1d596f91dd579ac4b66a6bf8,,,"Lucky Dime Caper starring Donald Duck, The.pdf"
docs/GameGear/Game Gear Manuals/MLBPA Baseball.pdf,https://archive.org/download/mister-manuals/1991_Sega%20Game%20Gear.zip/1991_Sega%20Game%20Gear%2FMLBPA%20Baseball.pdf,3207492,e3ae59fd39c76a0833fb4550647e6d96,,,MLBPA Baseball.pdf
docs/GameGear/Game Gear Manuals/Madden NFL 95.pdf,https://archive.org/download/mister-manuals/1991_Sega%20Game%20Gear.zip/1991_Sega%20Game%20Gear%2FMadden%20NFL%2095.pdf,2294678,84508fa06771b45163fa6b9926ceae47,,,Madden NFL 95.pdf
"docs/GameGear/Game Gear Manuals/Majors, The - Pro Baseball.pdf",https://archive.org/download/mister-manuals/1991_Sega%20Game%20Gear.zip/1991_Sega%20Game%20Gear%2FMajors%2C%20The%20-%20Pro%20Baseball.pdf,1619462,7b14129b2aaa8ef572aa90813885d9f6,,,"Majors, The - Pro Baseball.pdf"
docs/GameGear/Game Gear Manuals/Marble Madness.pdf,https://archive.org/download/mister-manuals/1991_Sega%20Game%20Gear.zip/1991_Sega%20Game%20Gear%2FMarble%20Madness.pdf,1521155,2df82723ae5e4031dd200f5fd0e70b25,,,Marble Madness.pdf
docs/GameGear/Game Gear Manuals/Mega Man.pdf,https://archive.org/download/mister-manuals/1991_Sega%20Game%20Gear.zip/1991_Sega%20Game%20Gear%2FMega%20Man.pdf,3235019,56bfd6155a0d7acf5e2ec80c329e4fd1,,,Mega Man.pdf
docs/GameGear/Game Gear Manuals/Mick & Mack as the Global Gladiators.pdf,https://archive.org/download/mister-manuals/1991_Sega%20Game%20Gear.zip/1991_Sega%20Game%20Gear%2FMick%20%26%20Mack%20as%20the%20Global%20Gladiators.pdf,3153157,10d3f8eef1e9d785a9652ea26c49a577,,,Mick & Mack as the Global Gladiators.pdf
docs/GameGear/Game Gear Manuals/Mickey_s Ultimate Challenge.pdf,https://archive.org/download/mister-manuals/1991_Sega%20Game%20Gear.zip/1991_Sega%20Game%20Gear%2FMickey_s%20Ultimate%20Challenge.pdf,3169929,54d2b122db06be6987ba857c9fc5d45e,,,Mickey_s Ultimate Challenge.pdf
docs/GameGear/Game Gear Manuals/Micro Machines.pdf,https://archive.org/download/mister-manuals/1991_Sega%20Game%20Gear.zip/1991_Sega%20Game%20Gear%2FMicro%20Machines.pdf,3628494,e3797aeccf3b2f0a9a5e978e600812ee,,,Micro Machines.pdf
docs/GameGear/Game Gear Manuals/Mighty Morphin Power Rangers - The Movie.pdf,https://archive.org/download/mister-manuals/1991_Sega%20Game%20Gear.zip/1991_Sega%20Game%20Gear%2FMighty%20Morphin%20Power%20Rangers%20-%20The%20Movie.pdf,3791389,cb1be38cdd58e5a98ebe5762002f52a7,,,Mighty Morphin Power Rangers - The Movie.pdf
docs/GameGear/Game Gear Manuals/Mighty Morphin Power Rangers .pdf,https://archive.org/download/mister-manuals/1991_Sega%20Game%20Gear.zip/1991_Sega%20Game%20Gear%2FMighty%20Morphin%20Power%20Rangers%20.pdf,4367874,3d8dc6e03ca07cd9138c88e711327b1f,,,Mighty Morphin Power Rangers .pdf
docs/GameGear/Game Gear Manuals/Monster Truck Wars.pdf,https://archive.org/download/mister-manuals/1991_Sega%20Game%20Gear.zip/1991_Sega%20Game%20Gear%2FMonster%20Truck%20Wars.pdf,1667555,a9a0c45ed9e72f371bb816f9fefdc3c4,,,Monster Truck Wars.pdf
docs/GameGear/Game Gear Manuals/Mortal Kombat II.pdf,https://archive.org/download/mister-manuals/1991_Sega%20Game%20Gear.zip/1991_Sega%20Game%20Gear%2FMortal%20Kombat%20II.pdf,4092708,0aaa641829c57fa01c3c90b586df4c48,,,Mortal Kombat II.pdf
docs/GameGear/Game Gear Manuals/Mortal Kombat.pdf,https://archive.org/download/mister-manuals/1991_Sega%20Game%20Gear.zip/1991_Sega%20Game%20Gear%2FMortal%20Kombat.pdf,2792360,638d02415473486691b3c7bc3af36a3f,,,Mortal Kombat.pdf
docs/GameGear/Game Gear Manuals/Ms. Pac-Man.pdf,https://archive.org/download/mister-manuals/1991_Sega%20Game%20Gear.zip/1991_Sega%20Game%20Gear%2FMs.%20Pac-Man.pdf,1807229,e5a0639872a9c857be5260299c8fb0c1,,,Ms. Pac-Man.pdf
docs/GameGear/Game Gear Manuals/NBA Action starring David Robinson.pdf,https://archive.org/download/mister-manuals/1991_Sega%20Game%20Gear.zip/1991_Sega%20Game%20Gear%2FNBA%20Action%20starring%20David%20Robinson.pdf,3850819,093ccd47a7b7617aac7e043adabf38c6,,,NBA Action starring David Robinson.pdf
docs/GameGear/Game Gear Manuals/NBA Jam - Tournament Edition.pdf,https://archive.org/download/mister-manuals/1991_Sega%20Game%20Gear.zip/1991_Sega%20Game%20Gear%2FNBA%20Jam%20-%20Tournament%20Edition.pdf,2081036,54eb20532042e716714e2f82f929627c,,,NBA Jam - Tournament Edition.pdf
docs/GameGear/Game Gear Manuals/NBA Jam.pdf,https://archive.org/download/mister-manuals/1991_Sega%20Game%20Gear.zip/1991_Sega%20Game%20Gear%2FNBA%20Jam.pdf,2606508,c6c3c5c7482a61983e709f201d641c9f,,,NBA Jam.pdf
docs/GameGear/Game Gear Manuals/NFL Quarterback Club 96.pdf,https://archive.org/download/mister-manuals/1991_Sega%20Game%20Gear.zip/1991_Sega%20Game%20Gear%2FNFL%20Quarterback%20Club%2096.pdf,1452442,1307ae21c3926e76ad7c8ab3279726dc,,,NFL Quarterback Club 96.pdf
docs/GameGear/Game Gear Manuals/NFL Quarterback Club.pdf,https://archive.org/download/mister-manuals/1991_Sega%20Game%20Gear.zip/1991_Sega%20Game%20Gear%2FNFL%20Quarterback%20Club.pdf,2527762,502d197636ecad3f97da834cd20af2ee,,,NFL Quarterback Club.pdf
docs/GameGear/Game Gear Manuals/NFL _95.pdf,https://archive.org/download/mister-manuals/1991_Sega%20Game%20Gear.zip/1991_Sega%20Game%20Gear%2FNFL%20_95.pdf,4681902,9d8e1d30842fbc26dab95684bd22ca86,,,NFL _95.pdf
docs/GameGear/Game Gear Manuals/NHL All-Star Hockey.pdf,https://archive.org/download/mister-manuals/1991_Sega%20Game%20Gear.zip/1991_Sega%20Game%20Gear%2FNHL%20All-Star%20Hockey.pdf,3980577,b338c585dbf65f0c05217190afdd67d6,,,NHL All-Star Hockey.pdf
docs/GameGear/Game Gear Manuals/NHL Hockey.pdf,https://archive.org/download/mister-manuals/1991_Sega%20Game%20Gear.zip/1991_Sega%20Game%20Gear%2FNHL%20Hockey.pdf,4687517,895977fe309049e797053f70cc9c6f5e,,,NHL Hockey.pdf
docs/GameGear/Game Gear Manuals/Ninja Gaiden.pdf,https://archive.org/download/mister-manuals/1991_Sega%20Game%20Gear.zip/1991_Sega%20Game%20Gear%2FNinja%20Gaiden.pdf,1690622,e7cc2dc1aca398f791ba3b89dcb44979,,,Ninja Gaiden.pdf
docs/GameGear/Game Gear Manuals/Olympic Gold - Barcelona _92.pdf,https://archive.org/download/mister-manuals/1991_Sega%20Game%20Gear.zip/1991_Sega%20Game%20Gear%2FOlympic%20Gold%20-%20Barcelona%20_92.pdf,3810406,00ce9df7abda6faa7c00a670f2b1c1d1,,,Olympic Gold - Barcelona _92.pdf
docs/GameGear/Game Gear Manuals/OutRun Europa.pdf,https://archive.org/download/mister-manuals/1991_Sega%20Game%20Gear.zip/1991_Sega%20Game%20Gear%2FOutRun%20Europa.pdf,3001028,370d911763fec81972e9799f335352f6,,,OutRun Europa.pdf
docs/GameGear/Game Gear Manuals/OutRun.pdf,https://archive.org/download/mister-manuals/1991_Sega%20Game%20Gear.zip/1991_Sega%20Game%20Gear%2FOutRun.pdf,3060414,391c2b8218ff1308ec5af1d0caf64dd9,,,OutRun.pdf
docs/GameGear/Game Gear Manuals/PGA Tour 96.pdf,https://archive.org/download/mister-manuals/1991_Sega%20Game%20Gear.zip/1991_Sega%20Game%20Gear%2FPGA%20Tour%2096.pdf,1463137,26bb7a0d0ff7a389efa2bbf8a4bc48ea,,,PGA Tour 96.pdf
docs/GameGear/Game Gear Manuals/PGA Tour Golf II.pdf,https://archive.org/download/mister-manuals/1991_Sega%20Game%20Gear.zip/1991_Sega%20Game%20Gear%2FPGA%20Tour%20Golf%20II.pdf,1674943,99132d27a880fa2c7b6e59438e37ee51,,,PGA Tour Golf II.pdf
docs/GameGear/Game Gear Manuals/Pac-Man.pdf,https://archive.org/download/mister-manuals/1991_Sega%20Game%20Gear.zip/1991_Sega%20Game%20Gear%2FPac-Man.pdf,987275,29565cd6fae5c10854c45c874177be88,,,Pac-Man.pdf
docs/GameGear/Game Gear Manuals/Paperboy.pdf,https://archive.org/download/mister-manuals/1991_Sega%20Game%20Gear.zip/1991_Sega%20Game%20Gear%2FPaperboy.pdf,1733420,9cae6e727d77363bda63f05e8159e3ed,,,Paperboy.pdf
docs/GameGear/Game Gear Manuals/Pete Sampras Tennis.pdf,https://archive.org/download/mister-manuals/1991_Sega%20Game%20Gear.zip/1991_Sega%20Game%20Gear%2FPete%20Sampras%20Tennis.pdf,2950750,693539000809f0c01757ce3b9dbfd11e,,,Pete Sampras Tennis.pdf
docs/GameGear/Game Gear Manuals/Phantom 2040.pdf,https://archive.org/download/mister-manuals/1991_Sega%20Game%20Gear.zip/1991_Sega%20Game%20Gear%2FPhantom%202040.pdf,1362110,0319d7183216c5e58bdb9fa3a9406820,,,Phantom 2040.pdf
docs/GameGear/Game Gear Manuals/Pinball Dreams.pdf,https://archive.org/download/mister-manuals/1991_Sega%20Game%20Gear.zip/1991_Sega%20Game%20Gear%2FPinball%20Dreams.pdf,2502296,7661eb0e41ae27e9bd7ba31add618ff5,,,Pinball Dreams.pdf
docs/GameGear/Game Gear Manuals/Poker Face Paul_s Blackjack.pdf,https://archive.org/download/mister-manuals/1991_Sega%20Game%20Gear.zip/1991_Sega%20Game%20Gear%2FPoker%20Face%20Paul_s%20Blackjack.pdf,3897110,6bb40ebcc753e08faa62382a4c04064c,,,Poker Face Paul_s Blackjack.pdf
docs/GameGear/Game Gear Manuals/Poker Face Paul_s Gin.pdf,https://archive.org/download/mister-manuals/1991_Sega%20Game%20Gear.zip/1991_Sega%20Game%20Gear%2FPoker%20Face%20Paul_s%20Gin.pdf,4528768,5090e31e5fec298eecad68a0004557f6,,,Poker Face Paul_s Gin.pdf
docs/GameGear/Game Gear Manuals/Poker Face Paul_s Poker.pdf,https://archive.org/download/mister-manuals/1991_Sega%20Game%20Gear.zip/1991_Sega%20Game%20Gear%2FPoker%20Face%20Paul_s%20Poker.pdf,3973120,d3977a5d276f0a04ccf022f6fc0ce1dc,,,Poker Face Paul_s Poker.pdf
docs/GameGear/Game Gear Manuals/Poker Face Paul_s Solitaire.pdf,https://archive.org/download/mister-manuals/1991_Sega%20Game%20Gear.zip/1991_Sega%20Game%20Gear%2FPoker%20Face%20Paul_s%20Solitaire.pdf,4721050,49edb98d2a38c26a7b4bc38c440581fb,,,Poker Face Paul_s Solitaire.pdf
docs/GameGear/Game Gear Manuals/Predator 2.pdf,https://archive.org/download/mister-manuals/1991_Sega%20Game%20Gear.zip/1991_Sega%20Game%20Gear%2FPredator%202.pdf,1659118,b030dee368efb87bdaeff87eaa1704ef,,,Predator 2.pdf
docs/GameGear/Game Gear Manuals/Primal Rage.pdf,https://archive.org/download/mister-manuals/1991_Sega%20Game%20Gear.zip/1991_Sega%20Game%20Gear%2FPrimal%20Rage.pdf,4161495,b6cd92075a726be10e7f98bbf215ad93,,,Primal Rage.pdf
docs/GameGear/Game Gear Manuals/Prince of Persia.pdf,https://archive.org/download/mister-manuals/1991_Sega%20Game%20Gear.zip/1991_Sega%20Game%20Gear%2FPrince%20of%20Persia.pdf,2130595,b58061efc090a7bc4b0e076bb0658ee4,,,Prince of Persia.pdf
docs/GameGear/Game Gear Manuals/Psychic World.pdf,https://archive.org/download/mister-manuals/1991_Sega%20Game%20Gear.zip/1991_Sega%20Game%20Gear%2FPsychic%20World.pdf,3966270,8e8cba142c7464e2494693967cb5021a,,,Psychic World.pdf
docs/GameGear/Game Gear Manuals/Putt & Putter - Miniature Golf.pdf,https://archive.org/download/mister-manuals/1991_Sega%20Game%20Gear.zip/1991_Sega%20Game%20Gear%2FPutt%20%26%20Putter%20-%20Miniature%20Golf.pdf,3968639,eee8266ffd19952f82062e1a96cf90ea,,,Putt & Putter - Miniature Golf.pdf
docs/GameGear/Game Gear Manuals/Quest for the Shaven Yak starring Ren & Stimpy.pdf,https://archive.org/download/mister-manuals/1991_Sega%20Game%20Gear.zip/1991_Sega%20Game%20Gear%2FQuest%20for%20the%20Shaven%20Yak%20starring%20Ren%20%26%20Stimpy.pdf,4104004,85832212e31b5373962e2d202875bc99,,,Quest for the Shaven Yak starring Ren & Stimpy.pdf
docs/GameGear/Game Gear Manuals/R.C. Grand Prix.pdf,https://archive.org/download/mister-manuals/1991_Sega%20Game%20Gear.zip/1991_Sega%20Game%20Gear%2FR.C.%20Grand%20Prix.pdf,2644132,5ea779641fb1219ba6400f7889621080,,,R.C. Grand Prix.pdf
docs/GameGear/Game Gear Manuals/Riddick Bowe Boxing.pdf,https://archive.org/download/mister-manuals/1991_Sega%20Game%20Gear.zip/1991_Sega%20Game%20Gear%2FRiddick%20Bowe%20Boxing.pdf,3557897,2fe8d03b550c2f0a4f6052167d4a17d7,,,Riddick Bowe Boxing.pdf
docs/GameGear/Game Gear Manuals/Rise of the Robots.pdf,https://archive.org/download/mister-manuals/1991_Sega%20Game%20Gear.zip/1991_Sega%20Game%20Gear%2FRise%20of%20the%20Robots.pdf,4292429,aadd831e1113b7e35f8461ffe7db80ae,,,Rise of the Robots.pdf
docs/GameGear/Game Gear Manuals/Ristar.pdf,https://archive.org/download/mister-manuals/1991_Sega%20Game%20Gear.zip/1991_Sega%20Game%20Gear%2FRistar.pdf,3689953,b36ce5ca5553a8a3060e8074be4a0fa9,,,Ristar.pdf
docs/GameGear/Game Gear Manuals/Road Rash.pdf,https://archive.org/download/mister-manuals/1991_Sega%20Game%20Gear.zip/1991_Sega%20Game%20Gear%2FRoad%20Rash.pdf,4831846,4d239cffaceb48111327899d19585553,,,Road Rash.pdf
docs/GameGear/Game Gear Manuals/RoboCop 3.pdf,https://archive.org/download/mister-manuals/1991_Sega%20Game%20Gear.zip/1991_Sega%20Game%20Gear%2FRoboCop%203.pdf,2101712,0a19ce1c6405e4e80dba057380a25f8f,,,RoboCop 3.pdf
docs/GameGear/Game Gear Manuals/RoboCop vs. The Terminator.pdf,https://archive.org/download/mister-manuals/1991_Sega%20Game%20Gear.zip/1991_Sega%20Game%20Gear%2FRoboCop%20vs.%20The%20Terminator.pdf,3373751,e408acdc303de03678db8a5972cc57ed,,,RoboCop vs. The Terminator.pdf
docs/GameGear/Game Gear Manuals/Samurai Shodown.pdf,https://archive.org/download/mister-manuals/1991_Sega%20Game%20Gear.zip/1991_Sega%20Game%20Gear%2FSamurai%20Shodown.pdf,4802709,1ce56c4c07c80afeba53cea23d7be231,,,Samurai Shodown.pdf
docs/GameGear/Game Gear Manuals/Scratch Golf.pdf,https://archive.org/download/mister-manuals/1991_Sega%20Game%20Gear.zip/1991_Sega%20Game%20Gear%2FScratch%20Golf.pdf,2714463,bcb1c893b8807630878fb646cf088816,,,Scratch Golf.pdf
docs/GameGear/Game Gear Manuals/Shaq-Fu.pdf,https://archive.org/download/mister-manuals/1991_Sega%20Game%20Gear.zip/1991_Sega%20Game%20Gear%2FShaq-Fu.pdf,3611115,cc90aa249c96bea0a3d33df2c2082cdb,,,Shaq-Fu.pdf
docs/GameGear/Game Gear Manuals/Shining Force - The Sword of Hajya.pdf,https://archive.org/download/mister-manuals/1991_Sega%20Game%20Gear.zip/1991_Sega%20Game%20Gear%2FShining%20Force%20-%20The%20Sword%20of%20Hajya.pdf,3962498,ca5fbbd18a78ac286af1fe0b92f03622,,,Shining Force - The Sword of Hajya.pdf
docs/GameGear/Game Gear Manuals/Shinobi .pdf,https://archive.org/download/mister-manuals/1991_Sega%20Game%20Gear.zip/1991_Sega%20Game%20Gear%2FShinobi%20.pdf,2123547,9c54a598ad746a7266c2b29bc8705719,,,Shinobi .pdf
docs/GameGear/Game Gear Manuals/Shinobi II - The Silent Fury.pdf,https://archive.org/download/mister-manuals/1991_Sega%20Game%20Gear.zip/1991_Sega%20Game%20Gear%2FShinobi%20II%20-%20The%20Silent%20Fury.pdf,2837003,8c6c4e0a5ff6ec620d42089281d6ce9d,,,Shinobi II - The Silent Fury.pdf
docs/GameGear/Game Gear Manuals/Side Pocket.pdf,https://archive.org/download/mister-manuals/1991_Sega%20Game%20Gear.zip/1991_Sega%20Game%20Gear%2FSide%20Pocket.pdf,2347481,0e6e2a7ba9463deb2c820b1c6783fb13,,,Side Pocket.pdf
"docs/GameGear/Game Gear Manuals/Simpsons, The - Bart vs. the Space Mutants.pdf",https://archive.org/download/mister-manuals/1991_Sega%20Game%20Gear.zip/1991_Sega%20Game%20Gear%2FSimpsons%2C%20The%20-%20Bart%20vs.%20the%20Space%20Mutants.pdf,4136356,1c35bfc7830d4fd82929d263283cd2e2,,,"Simpsons, The - Bart vs. the Space Mutants.pdf"
"docs/GameGear/Game Gear Manuals/Simpsons, The - Bart vs. the World.pdf",https://archive.org/download/mister-manuals/1991_Sega%20Game%20Gear.zip/1991_Sega%20Game%20Gear%2FSimpsons%2C%20The%20-%20Bart%20vs.%20the%20World.pdf,2304111,3b66a45c1a2677fe14515e47a6af8578,,,"Simpsons, The - Bart vs. the World.pdf"
"docs/GameGear/Game Gear Manuals/Simpsons, The - Bartman Meets Radioactive Man.pdf",https://archive.org/download/mister-manuals/1991_Sega%20Game%20Gear.zip/1991_Sega%20Game%20Gear%2FSimpsons%2C%20The%20-%20Bartman%20Meets%20Radioactive%20Man.pdf,3400220,f03c9eee8ca8909b00b73bca1f60863e,,,"Simpsons, The - Bartman Meets Radioactive Man.pdf"
docs/GameGear/Game Gear Manuals/Slider.pdf,https://archive.org/download/mister-manuals/1991_Sega%20Game%20Gear.zip/1991_Sega%20Game%20Gear%2FSlider.pdf,2607776,f2291f9f70504a42cbec05bca5368413,,,Slider.pdf
docs/GameGear/Game Gear Manuals/Solitaire FunPak.pdf,https://archive.org/download/mister-manuals/1991_Sega%20Game%20Gear.zip/1991_Sega%20Game%20Gear%2FSolitaire%20FunPak.pdf,1659154,18185f4a2581f2935bf4aec5e547e419,,,Solitaire FunPak.pdf
docs/GameGear/Game Gear Manuals/Solitaire Poker.pdf,https://archive.org/download/mister-manuals/1991_Sega%20Game%20Gear.zip/1991_Sega%20Game%20Gear%2FSolitaire%20Poker.pdf,3691107,ef67ef130359a649abc210aa8d8b2945,,,Solitaire Poker.pdf
docs/GameGear/Game Gear Manuals/Sonic Blast.pdf,https://archive.org/download/mister-manuals/1991_Sega%20Game%20Gear.zip/1991_Sega%20Game%20Gear%2FSonic%20Blast.pdf,1966761,3df9b09526c947ea24bb96fbceb02bd1,,,Sonic Blast.pdf
docs/GameGear/Game Gear Manuals/Sonic Drift 2.pdf,https://archive.org/download/mister-manuals/1991_Sega%20Game%20Gear.zip/1991_Sega%20Game%20Gear%2FSonic%20Drift%202.pdf,3032824,768f340ae6dc21017442281662d380c1,,,Sonic Drift 2.pdf
docs/GameGear/Game Gear Manuals/Sonic Labyrinth.pdf,https://archive.org/download/mister-manuals/1991_Sega%20Game%20Gear.zip/1991_Sega%20Game%20Gear%2FSonic%20Labyrinth.pdf,2624572,e86381ca64f4660c2dfa728d2cd4539d,,,Sonic Labyrinth.pdf
docs/GameGear/Game Gear Manuals/Sonic The Hedgehog 2.pdf,https://archive.org/download/mister-manuals/1991_Sega%20Game%20Gear.zip/1991_Sega%20Game%20Gear%2FSonic%20The%20Hedgehog%202.pdf,3441137,9cbe03abb40220593402141f89720ffc,,,Sonic The Hedgehog 2.pdf
docs/GameGear/Game Gear Manuals/Sonic The Hedgehog.pdf,https://archive.org/download/mister-manuals/1991_Sega%20Game%20Gear.zip/1991_Sega%20Game%20Gear%2FSonic%20The%20Hedgehog.pdf,2514098,cfa2e993a72783eadb1bcdc25fceb76a,,,Sonic The Hedgehog.pdf
docs/GameGear/Game Gear Manuals/Sonic the Hedgehog - Chaos.pdf,https://archive.org/download/mister-manuals/1991_Sega%20Game%20Gear.zip/1991_Sega%20Game%20Gear%2FSonic%20the%20Hedgehog%20-%20Chaos.pdf,3138367,3d7925f5084e6c41cbd84399e54d0f92,,,Sonic the Hedgehog - Chaos.pdf
docs/GameGear/Game Gear Manuals/Sonic the Hedgehog - Spinball.pdf,https://archive.org/download/mister-manuals/1991_Sega%20Game%20Gear.zip/1991_Sega%20Game%20Gear%2FSonic%20the%20Hedgehog%20-%20Spinball.pdf,2541394,24bd362f680fb03d92d55a41d2215244,,,Sonic the Hedgehog - Spinball.pdf
docs/GameGear/Game Gear Manuals/Sonic the Hedgehog - Triple Trouble.pdf,https://archive.org/download/mister-manuals/1991_Sega%20Game%20Gear.zip/1991_Sega%20Game%20Gear%2FSonic%20the%20Hedgehog%20-%20Triple%20Trouble.pdf,3224824,59c8424794e3fa62793683b9b2d39efa,,,Sonic the Hedgehog - Triple Trouble.pdf
docs/GameGear/Game Gear Manuals/Space Harrier.pdf,https://archive.org/download/mister-manuals/1991_Sega%20Game%20Gear.zip/1991_Sega%20Game%20Gear%2FSpace%20Harrier.pdf,2001197,7eeec03bd526a35a474e9bbae6b228ff,,,Space Harrier.pdf
docs/GameGear/Game Gear Manuals/Spider-Man - Return of the Sinister Six.pdf,https://archive.org/download/mister-manuals/1991_Sega%20Game%20Gear.zip/1991_Sega%20Game%20Gear%2FSpider-Man%20-%20Return%20of%20the%20Sinister%20Six.pdf,4199254,96753e32a5f46a94212383c56463d1c3,,,Spider-Man - Return of the Sinister Six.pdf
docs/GameGear/Game Gear Manuals/Spider-Man and the X-Men in Arcade_s Revenge.pdf,https://archive.org/download/mister-manuals/1991_Sega%20Game%20Gear.zip/1991_Sega%20Game%20Gear%2FSpider-Man%20and%20the%20X-Men%20in%20Arcade_s%20Revenge.pdf,3124856,16e243f5d4e27e6d76a859c92cb8b2d4,,,Spider-Man and the X-Men in Arcade_s Revenge.pdf
docs/GameGear/Game Gear Manuals/Sports Illustrated Championship Football & Baseball.pdf,https://archive.org/download/mister-manuals/1991_Sega%20Game%20Gear.zip/1991_Sega%20Game%20Gear%2FSports%20Illustrated%20Championship%20Football%20%26%20Baseball.pdf,1459827,0fb92b9c272768372d02fb0f56502c82,,,Sports Illustrated Championship Football & Baseball.pdf
docs/GameGear/Game Gear Manuals/Sports Trivia - Championship Edition.pdf,https://archive.org/download/mister-manuals/1991_Sega%20Game%20Gear.zip/1991_Sega%20Game%20Gear%2FSports%20Trivia%20-%20Championship%20Edition.pdf,2693607,073c4e20fb563aba9403d28e38d1f512,,,Sports Trivia - Championship Edition.pdf
docs/GameGear/Game Gear Manuals/Star Trek - Generations - Beyond the Nexus.pdf,https://archive.org/download/mister-manuals/1991_Sega%20Game%20Gear.zip/1991_Sega%20Game%20Gear%2FStar%20Trek%20-%20Generations%20-%20Beyond%20the%20Nexus.pdf,1630763,9a5af56b4a7f55fe4098444dab4e0344,,,Star Trek - Generations - Beyond the Nexus.pdf
docs/GameGear/Game Gear Manuals/Star Trek - The Next Generation - The Advanced Holodeck Tutorial.pdf,https://archive.org/download/mister-manuals/1991_Sega%20Game%20Gear.zip/1991_Sega%20Game%20Gear%2FStar%20Trek%20-%20The%20Next%20Generation%20-%20The%20Advanced%20Holodeck%20Tutorial.pdf,1921729,e5e5e8a3990e1827f174b529a5e4f99e,,,Star Trek - The Next Generation - The Advanced Holodeck Tutorial.pdf
docs/GameGear/Game Gear Manuals/Star Wars.pdf,https://archive.org/download/mister-manuals/1991_Sega%20Game%20Gear.zip/1991_Sega%20Game%20Gear%2FStar%20Wars.pdf,2400092,f6190114cdf533430298c7d2ea8fa3a1,,,Star Wars.pdf
docs/GameGear/Game Gear Manuals/Stargate.pdf,https://archive.org/download/mister-manuals/1991_Sega%20Game%20Gear.zip/1991_Sega%20Game%20Gear%2FStargate.pdf,1486201,3dbb8bdfca18386fe1a7689d48068ae9,,,Stargate.pdf
docs/GameGear/Game Gear Manuals/Streets of Rage II.pdf,https://archive.org/download/mister-manuals/1991_Sega%20Game%20Gear.zip/1991_Sega%20Game%20Gear%2FStreets%20of%20Rage%20II.pdf,1846438,4ff5621afb8b81c8a90ff1756e4d5102,,,Streets of Rage II.pdf
docs/GameGear/Game Gear Manuals/Streets of Rage.pdf,https://archive.org/download/mister-manuals/1991_Sega%20Game%20Gear.zip/1991_Sega%20Game%20Gear%2FStreets%20of%20Rage.pdf,2852941,697e2b0703b997be54cdb65051a87093,,,Streets of Rage.pdf
docs/GameGear/Game Gear Manuals/Super Battletank.pdf,https://archive.org/download/mister-manuals/1991_Sega%20Game%20Gear.zip/1991_Sega%20Game%20Gear%2FSuper%20Battletank.pdf,3375874,8c3c3cf21d416fbb64cafc01d09203f8,,,Super Battletank.pdf
docs/GameGear/Game Gear Manuals/Super Columns.pdf,https://archive.org/download/mister-manuals/1991_Sega%20Game%20Gear.zip/1991_Sega%20Game%20Gear%2FSuper%20Columns.pdf,5040077,959039e11fffd903e0b0302501079106,,,Super Columns.pdf
docs/GameGear/Game Gear Manuals/Super Golf.pdf,https://archive.org/download/mister-manuals/1991_Sega%20Game%20Gear.zip/1991_Sega%20Game%20Gear%2FSuper%20Golf.pdf,2526627,fdbadca85820313ff7f71566dd87a5e7,,,Super Golf.pdf
docs/GameGear/Game Gear Manuals/Super Monaco GP.pdf,https://archive.org/download/mister-manuals/1991_Sega%20Game%20Gear.zip/1991_Sega%20Game%20Gear%2FSuper%20Monaco%20GP.pdf,4090661,d972882b70088f58805e6e7ba0bfbbb2,,,Super Monaco GP.pdf
docs/GameGear/Game Gear Manuals/Super Off-Road.pdf,https://archive.org/download/mister-manuals/1991_Sega%20Game%20Gear.zip/1991_Sega%20Game%20Gear%2FSuper%20Off-Road.pdf,4382371,a44fb4a6095f6d7c2824708bcc11b544,,,Super Off-Road.pdf
docs/GameGear/Game Gear Manuals/Super Smash TV.pdf,https://archive.org/download/mister-manuals/1991_Sega%20Game%20Gear.zip/1991_Sega%20Game%20Gear%2FSuper%20Smash%20TV.pdf,4212533,e8b0e644a79f697b503fcd70cfa62a05,,,Super Smash TV.pdf
docs/GameGear/Game Gear Manuals/Super Space Invaders.pdf,https://archive.org/download/mister-manuals/1991_Sega%20Game%20Gear.zip/1991_Sega%20Game%20Gear%2FSuper%20Space%20Invaders.pdf,1572748,daf68eddbe324b72c45cb8b65d18ecee,,,Super Space Invaders.pdf
docs/GameGear/Game Gear Manuals/Super Star Wars - Return of the Jedi.pdf,https://archive.org/download/mister-manuals/1991_Sega%20Game%20Gear.zip/1991_Sega%20Game%20Gear%2FSuper%20Star%20Wars%20-%20Return%20of%20the%20Jedi.pdf,4870445,3c461ac535f5ceb15b4d3a6e2b5d0471,,,Super Star Wars - Return of the Jedi.pdf
docs/GameGear/Game Gear Manuals/Surf Ninjas.pdf,https://archive.org/download/mister-manuals/1991_Sega%20Game%20Gear.zip/1991_Sega%20Game%20Gear%2FSurf%20Ninjas.pdf,4940509,694184659bd53bb9a12b6a1696028ee8,,,Surf Ninjas.pdf
docs/GameGear/Game Gear Manuals/T2 - The Arcade Game.pdf,https://archive.org/download/mister-manuals/1991_Sega%20Game%20Gear.zip/1991_Sega%20Game%20Gear%2FT2%20-%20The%20Arcade%20Game.pdf,2217016,e6a0da022f2b34a814735dd48a3bf7bc,,,T2 - The Arcade Game.pdf
docs/GameGear/Game Gear Manuals/Tails Adventure.pdf,https://archive.org/download/mister-manuals/1991_Sega%20Game%20Gear.zip/1991_Sega%20Game%20Gear%2FTails%20Adventure.pdf,727964,ae2d7bc28e261c1ee7bd8e43f3eb91de,,,Tails Adventure.pdf
docs/GameGear/Game Gear Manuals/TaleSpin.pdf,https://archive.org/download/mister-manuals/1991_Sega%20Game%20Gear.zip/1991_Sega%20Game%20Gear%2FTaleSpin.pdf,4360583,9a3bca4521d898cb3e099c55b150f3b9,,,TaleSpin.pdf
docs/GameGear/Game Gear Manuals/Taz-Mania.pdf,https://archive.org/download/mister-manuals/1991_Sega%20Game%20Gear.zip/1991_Sega%20Game%20Gear%2FTaz-Mania.pdf,4698853,2efa94f0bcfbc9bd266c7d7ab16e5a56,,,Taz-Mania.pdf
docs/GameGear/Game Gear Manuals/Tempo Jr..pdf,https://archive.org/download/mister-manuals/1991_Sega%20Game%20Gear.zip/1991_Sega%20Game%20Gear%2FTempo%20Jr..pdf,4044460,f85c284fabc2c1773172d0384d15422d,,,Tempo Jr..pdf
docs/GameGear/Game Gear Manuals/Tengen World Cup Soccer.pdf,https://archive.org/download/mister-manuals/1991_Sega%20Game%20Gear.zip/1991_Sega%20Game%20Gear%2FTengen%20World%20Cup%20Soccer.pdf,3243199,1ac9cfcac972639a773f2dc3818c4e6f,,,Tengen World Cup Soccer.pdf
docs/GameGear/Game Gear Manuals/Terminator 2 - Judgment Day.pdf,https://archive.org/download/mister-manuals/1991_Sega%20Game%20Gear.zip/1991_Sega%20Game%20Gear%2FTerminator%202%20-%20Judgment%20Day.pdf,3822560,10dcba7072542f6daf1a1b646c663c99,,,Terminator 2 - Judgment Day.pdf
"docs/GameGear/Game Gear Manuals/Terminator, The.pdf",https://archive.org/download/mister-manuals/1991_Sega%20Game%20Gear.zip/1991_Sega%20Game%20Gear%2FTerminator%2C%20The.pdf,2979802,8f385fdc64ffcfc341804a98dceac649,,,"Terminator, The.pdf"
docs/GameGear/Game Gear Manuals/Tesserae.pdf,https://archive.org/download/mister-manuals/1991_Sega%20Game%20Gear.zip/1991_Sega%20Game%20Gear%2FTesserae.pdf,3671595,b04a3765fd0cafd348939400cc1d14d8,,,Tesserae.pdf
docs/GameGear/Game Gear Manuals/Tom and Jerry - The Movie.pdf,https://archive.org/download/mister-manuals/1991_Sega%20Game%20Gear.zip/1991_Sega%20Game%20Gear%2FTom%20and%20Jerry%20-%20The%20Movie.pdf,4188516,adea145eb4124f9768b4032cc36a34d3,,,Tom and Jerry - The Movie.pdf
docs/GameGear/Game Gear Manuals/True Lies.pdf,https://archive.org/download/mister-manuals/1991_Sega%20Game%20Gear.zip/1991_Sega%20Game%20Gear%2FTrue%20Lies.pdf,3877792,34f0a381b5bc7db9320cc31264d3504d,,,True Lies.pdf
docs/GameGear/Game Gear Manuals/Vampire - Master of Darkness.pdf,https://archive.org/download/mister-manuals/1991_Sega%20Game%20Gear.zip/1991_Sega%20Game%20Gear%2FVampire%20-%20Master%20of%20Darkness.pdf,2896077,a65984c795d8aeeed5f9a3dd46d953d2,,,Vampire - Master of Darkness.pdf
docs/GameGear/Game Gear Manuals/Virtua Fighter Animation.pdf,https://archive.org/download/mister-manuals/1991_Sega%20Game%20Gear.zip/1991_Sega%20Game%20Gear%2FVirtua%20Fighter%20Animation.pdf,3511728,81b50aeedea0817b1fac0d674d99e57a,,,Virtua Fighter Animation.pdf
docs/GameGear/Game Gear Manuals/WWF RAW.pdf,https://archive.org/download/mister-manuals/1991_Sega%20Game%20Gear.zip/1991_Sega%20Game%20Gear%2FWWF%20RAW.pdf,2191189,4732931b776630c9b8ff8f60860151eb,,,WWF RAW.pdf
docs/GameGear/Game Gear Manuals/WWF WrestleMania - Steel Cage Challenge.pdf,https://archive.org/download/mister-manuals/1991_Sega%20Game%20Gear.zip/1991_Sega%20Game%20Gear%2FWWF%20WrestleMania%20-%20Steel%20Cage%20Challenge.pdf,3870991,1ec16657600725a27876a5e19170824e,,,WWF WrestleMania - Steel Cage Challenge.pdf
docs/GameGear/Game Gear Manuals/Wheel of Fortune.pdf,https://archive.org/download/mister-manuals/1991_Sega%20Game%20Gear.zip/1991_Sega%20Game%20Gear%2FWheel%20of%20Fortune.pdf,4123611,aec7ab3e254fc781e9d3bb19228165cb,,,Wheel of Fortune.pdf
docs/GameGear/Game Gear Manuals/Wimbledon.pdf,https://archive.org/download/mister-manuals/1991_Sega%20Game%20Gear.zip/1991_Sega%20Game%20Gear%2FWimbledon.pdf,3778300,12ddd5e718940dbb3aa441c81cf0f506,,,Wimbledon.pdf
docs/GameGear/Game Gear Manuals/Winter Olympics - Lillehammer _94.pdf,https://archive.org/download/mister-manuals/1991_Sega%20Game%20Gear.zip/1991_Sega%20Game%20Gear%2FWinter%20Olympics%20-%20Lillehammer%20_94.pdf,3712696,12dbb0fb965bd87698ad9c9202f15add,,,Winter Olympics - Lillehammer _94.pdf
docs/GameGear/Game Gear Manuals/Woody Pop.pdf,https://archive.org/download/mister-manuals/1991_Sega%20Game%20Gear.zip/1991_Sega%20Game%20Gear%2FWoody%20Pop.pdf,2781866,f85541b5b680505acb60489d1651b27a,,,Woody Pop.pdf
docs/GameGear/Game Gear Manuals/World Cup USA _94.pdf,https://archive.org/download/mister-manuals/1991_Sega%20Game%20Gear.zip/1991_Sega%20Game%20Gear%2FWorld%20Cup%20USA%20_94.pdf,1826336,e3eecac39c3d281911c32a0f87a0ad7d,,,World Cup USA _94.pdf
docs/GameGear/Game Gear Manuals/World Series Baseball _95.pdf,https://archive.org/download/mister-manuals/1991_Sega%20Game%20Gear.zip/1991_Sega%20Game%20Gear%2FWorld%20Series%20Baseball%20_95.pdf,1553307,50294e4b092d1c3d39956f6da8ec39b4,,,World Series Baseball _95.pdf
docs/GameGear/Game Gear Manuals/World Series Baseball.pdf,https://archive.org/download/mister-manuals/1991_Sega%20Game%20Gear.zip/1991_Sega%20Game%20Gear%2FWorld%20Series%20Baseball.pdf,3923328,77fd7ca980008d0c50808301328e208b,,,World Series Baseball.pdf
docs/GameGear/Game Gear Manuals/X-Men - GamesMaster_s Legacy.pdf,https://archive.org/download/mister-manuals/1991_Sega%20Game%20Gear.zip/1991_Sega%20Game%20Gear%2FX-Men%20-%20GamesMaster_s%20Legacy.pdf,1915830,d5eabeb6f82f430f69f859ff38dd7e64,,,X-Men - GamesMaster_s Legacy.pdf
docs/GameGear/Game Gear Manuals/X-Men - Mojo World.pdf,https://archive.org/download/mister-manuals/1991_Sega%20Game%20Gear.zip/1991_Sega%20Game%20Gear%2FX-Men%20-%20Mojo%20World.pdf,3612010,f075bbf1f8a83b3327b883c8e57c574a,,,X-Men - Mojo World.pdf
docs/GameGear/Game Gear Manuals/X-Men.pdf,https://archive.org/download/mister-manuals/1991_Sega%20Game%20Gear.zip/1991_Sega%20Game%20Gear%2FX-Men.pdf,1525403,ffeb8b9ceee8c4261416974c25d57b4e,,,X-Men.pdf
docs/GameGear/Game Gear Manuals/Zool - Ninja of the _Nth_ Dimension.pdf,https://archive.org/download/mister-manuals/1991_Sega%20Game%20Gear.zip/1991_Sega%20Game%20Gear%2FZool%20-%20Ninja%20of%20the%20_Nth_%20Dimension.pdf,1522473,99c67031ac12dd09849dfa4e99cd998e,,,Zool - Ninja of the _Nth_ Dimension.pdf
